UserName,QuestionID,Title,UserRespnse,Title,ExamID,Title,ResourcePrimaryName
s981303409,32086,کدام تعريف مربوط به زاويه خي χ)) مي باشد؟                                                                                                                    ,1000,زاويه ديهدرال بين کربن آلفا و کربن بتا از زنجيره جانبي                                                                                               ,3138,میانترم بیوانفورماتیک 99,بیوانفورماتیک گروه (۱)
s991303401,32086,کدام تعريف مربوط به زاويه خي χ)) مي باشد؟                                                                                                                    ,1000,زاويه ديهدرال بين کربن آلفا و کربن بتا از زنجيره جانبي                                                                                               ,3138,میانترم بیوانفورماتیک 99,بیوانفورماتیک گروه (۱)
s991303402,32086,کدام تعريف مربوط به زاويه خي χ)) مي باشد؟                                                                                                                    ,1000,زاويه ديهدرال بين کربن آلفا و کربن بتا از زنجيره جانبي                                                                                               ,3138,میانترم بیوانفورماتیک 99,بیوانفورماتیک گروه (۱)
s991303404,32086,کدام تعريف مربوط به زاويه خي χ)) مي باشد؟                                                                                                                    ,1000,زاويه ديهدرال بين کربن آلفا و کربن بتا از زنجيره جانبي                                                                                               ,3138,میانترم بیوانفورماتیک 99,بیوانفورماتیک گروه (۱)
s991303405,32086,کدام تعريف مربوط به زاويه خي χ)) مي باشد؟                                                                                                                    ,1000,زاويه ديهدرال بين کربن آلفا و کربن بتا از زنجيره جانبي                                                                                               ,3138,میانترم بیوانفورماتیک 99,بیوانفورماتیک گروه (۱)
s991303406,32086,کدام تعريف مربوط به زاويه خي χ)) مي باشد؟                                                                                                                    ,1000,زاويه ديهدرال بين کربن آلفا و کربن بتا از زنجيره جانبي                                                                                               ,3138,میانترم بیوانفورماتیک 99,بیوانفورماتیک گروه (۱)
s991303407,32086,کدام تعريف مربوط به زاويه خي χ)) مي باشد؟                                                                                                                    ,1000,زاويه ديهدرال بين کربن آلفا و کربن بتا از زنجيره جانبي                                                                                               ,3138,میانترم بیوانفورماتیک 99,بیوانفورماتیک گروه (۱)
s991303408,32086,کدام تعريف مربوط به زاويه خي χ)) مي باشد؟                                                                                                                    ,0,زاويه ديهدرال بين کربن آلفا و کربن بتا از زنجيره جانبي                                                                                               ,3138,میانترم بیوانفورماتیک 99,بیوانفورماتیک گروه (۱)
s991303409,32086,کدام تعريف مربوط به زاويه خي χ)) مي باشد؟                                                                                                                    ,0,زاويه ديهدرال بين کربن آلفا و کربن بتا از زنجيره جانبي                                                                                               ,3138,میانترم بیوانفورماتیک 99,بیوانفورماتیک گروه (۱)
s991303412,32086,کدام تعريف مربوط به زاويه خي χ)) مي باشد؟                                                                                                                    ,1000,زاويه ديهدرال بين کربن آلفا و کربن بتا از زنجيره جانبي                                                                                               ,3138,میانترم بیوانفورماتیک 99,بیوانفورماتیک گروه (۱)
s991303413,32086,کدام تعريف مربوط به زاويه خي χ)) مي باشد؟                                                                                                                    ,1000,زاويه ديهدرال بين کربن آلفا و کربن بتا از زنجيره جانبي                                                                                               ,3138,میانترم بیوانفورماتیک 99,بیوانفورماتیک گروه (۱)
s991303414,32086,کدام تعريف مربوط به زاويه خي χ)) مي باشد؟                                                                                                                    ,1000,زاويه ديهدرال بين کربن آلفا و کربن بتا از زنجيره جانبي                                                                                               ,3138,میانترم بیوانفورماتیک 99,بیوانفورماتیک گروه (۱)
s981303409,32125,تعريف مدل چيست؟,1000,يک توصيف ساده از سامانه                                               ,3138,میانترم بیوانفورماتیک 99,بیوانفورماتیک گروه (۱)
s991303401,32125,تعريف مدل چيست؟,1000,يک توصيف ساده از سامانه                                               ,3138,میانترم بیوانفورماتیک 99,بیوانفورماتیک گروه (۱)
s991303402,32125,تعريف مدل چيست؟,1000,يک توصيف ساده از سامانه                                               ,3138,میانترم بیوانفورماتیک 99,بیوانفورماتیک گروه (۱)
s991303404,32125,تعريف مدل چيست؟,1000,يک توصيف ساده از سامانه                                               ,3138,میانترم بیوانفورماتیک 99,بیوانفورماتیک گروه (۱)
s991303405,32125,تعريف مدل چيست؟,1000,يک توصيف ساده از سامانه                                               ,3138,میانترم بیوانفورماتیک 99,بیوانفورماتیک گروه (۱)
s991303406,32125,تعريف مدل چيست؟,1000,يک توصيف ساده از سامانه                                               ,3138,میانترم بیوانفورماتیک 99,بیوانفورماتیک گروه (۱)
s991303407,32125,تعريف مدل چيست؟,1000,يک توصيف ساده از سامانه                                               ,3138,میانترم بیوانفورماتیک 99,بیوانفورماتیک گروه (۱)
s991303408,32125,تعريف مدل چيست؟,1,يک توصيف ساده از سامانه                                               ,3138,میانترم بیوانفورماتیک 99,بیوانفورماتیک گروه (۱)
s991303409,32125,تعريف مدل چيست؟,0,يک توصيف ساده از سامانه                                               ,3138,میانترم بیوانفورماتیک 99,بیوانفورماتیک گروه (۱)
s991303412,32125,تعريف مدل چيست؟,1000,يک توصيف ساده از سامانه                                               ,3138,میانترم بیوانفورماتیک 99,بیوانفورماتیک گروه (۱)
s991303413,32125,تعريف مدل چيست؟,1000,يک توصيف ساده از سامانه                                               ,3138,میانترم بیوانفورماتیک 99,بیوانفورماتیک گروه (۱)
s991303414,32125,تعريف مدل چيست؟,1000,يک توصيف ساده از سامانه                                               ,3138,میانترم بیوانفورماتیک 99,بیوانفورماتیک گروه (۱)
s981303409,32131,سخت ترين قسمت مدلسازي متجانس کدام قسمت است؟                                                                                                       ,10,مدلسازي لوپ                      ,3138,میانترم بیوانفورماتیک 99,بیوانفورماتیک گروه (۱)
s991303401,32131,سخت ترين قسمت مدلسازي متجانس کدام قسمت است؟                                                                                                       ,10,مدلسازي لوپ                      ,3138,میانترم بیوانفورماتیک 99,بیوانفورماتیک گروه (۱)
s991303402,32131,سخت ترين قسمت مدلسازي متجانس کدام قسمت است؟                                                                                                       ,10,مدلسازي لوپ                      ,3138,میانترم بیوانفورماتیک 99,بیوانفورماتیک گروه (۱)
s991303404,32131,سخت ترين قسمت مدلسازي متجانس کدام قسمت است؟                                                                                                       ,10,مدلسازي لوپ                      ,3138,میانترم بیوانفورماتیک 99,بیوانفورماتیک گروه (۱)
s991303405,32131,سخت ترين قسمت مدلسازي متجانس کدام قسمت است؟                                                                                                       ,10,مدلسازي لوپ                      ,3138,میانترم بیوانفورماتیک 99,بیوانفورماتیک گروه (۱)
s991303406,32131,سخت ترين قسمت مدلسازي متجانس کدام قسمت است؟                                                                                                       ,10,مدلسازي لوپ                      ,3138,میانترم بیوانفورماتیک 99,بیوانفورماتیک گروه (۱)
s991303407,32131,سخت ترين قسمت مدلسازي متجانس کدام قسمت است؟                                                                                                       ,10,مدلسازي لوپ                      ,3138,میانترم بیوانفورماتیک 99,بیوانفورماتیک گروه (۱)
s991303408,32131,سخت ترين قسمت مدلسازي متجانس کدام قسمت است؟                                                                                                       ,10,مدلسازي لوپ                      ,3138,میانترم بیوانفورماتیک 99,بیوانفورماتیک گروه (۱)
s991303409,32131,سخت ترين قسمت مدلسازي متجانس کدام قسمت است؟                                                                                                       ,10,مدلسازي لوپ                      ,3138,میانترم بیوانفورماتیک 99,بیوانفورماتیک گروه (۱)
s991303412,32131,سخت ترين قسمت مدلسازي متجانس کدام قسمت است؟                                                                                                       ,10,مدلسازي لوپ                      ,3138,میانترم بیوانفورماتیک 99,بیوانفورماتیک گروه (۱)
s991303413,32131,سخت ترين قسمت مدلسازي متجانس کدام قسمت است؟                                                                                                       ,10,مدلسازي لوپ                      ,3138,میانترم بیوانفورماتیک 99,بیوانفورماتیک گروه (۱)
s991303414,32131,سخت ترين قسمت مدلسازي متجانس کدام قسمت است؟                                                                                                       ,10,مدلسازي لوپ                      ,3138,میانترم بیوانفورماتیک 99,بیوانفورماتیک گروه (۱)
s981303409,32132,در داکينگ کدام الگوريتم برای جستجوی فضای صورتبندی ليگاند اطراف پروتئين بهتر است؟ ,100,الگوريتم ژنتيک لامارکی     ,3138,میانترم بیوانفورماتیک 99,بیوانفورماتیک گروه (۱)
s991303401,32132,در داکينگ کدام الگوريتم برای جستجوی فضای صورتبندی ليگاند اطراف پروتئين بهتر است؟ ,100,الگوريتم ژنتيک لامارکی     ,3138,میانترم بیوانفورماتیک 99,بیوانفورماتیک گروه (۱)
s991303402,32132,در داکينگ کدام الگوريتم برای جستجوی فضای صورتبندی ليگاند اطراف پروتئين بهتر است؟ ,1,الگوريتم ژنتيک لامارکی     ,3138,میانترم بیوانفورماتیک 99,بیوانفورماتیک گروه (۱)
s991303404,32132,در داکينگ کدام الگوريتم برای جستجوی فضای صورتبندی ليگاند اطراف پروتئين بهتر است؟ ,1,الگوريتم ژنتيک لامارکی     ,3138,میانترم بیوانفورماتیک 99,بیوانفورماتیک گروه (۱)
s991303405,32132,در داکينگ کدام الگوريتم برای جستجوی فضای صورتبندی ليگاند اطراف پروتئين بهتر است؟ ,1000,الگوريتم ژنتيک لامارکی     ,3138,میانترم بیوانفورماتیک 99,بیوانفورماتیک گروه (۱)
s991303406,32132,در داکينگ کدام الگوريتم برای جستجوی فضای صورتبندی ليگاند اطراف پروتئين بهتر است؟ ,100,الگوريتم ژنتيک لامارکی     ,3138,میانترم بیوانفورماتیک 99,بیوانفورماتیک گروه (۱)
s991303407,32132,در داکينگ کدام الگوريتم برای جستجوی فضای صورتبندی ليگاند اطراف پروتئين بهتر است؟ ,1000,الگوريتم ژنتيک لامارکی     ,3138,میانترم بیوانفورماتیک 99,بیوانفورماتیک گروه (۱)
s991303408,32132,در داکينگ کدام الگوريتم برای جستجوی فضای صورتبندی ليگاند اطراف پروتئين بهتر است؟ ,1,الگوريتم ژنتيک لامارکی     ,3138,میانترم بیوانفورماتیک 99,بیوانفورماتیک گروه (۱)
s991303409,32132,در داکينگ کدام الگوريتم برای جستجوی فضای صورتبندی ليگاند اطراف پروتئين بهتر است؟ ,0,الگوريتم ژنتيک لامارکی     ,3138,میانترم بیوانفورماتیک 99,بیوانفورماتیک گروه (۱)
s991303412,32132,در داکينگ کدام الگوريتم برای جستجوی فضای صورتبندی ليگاند اطراف پروتئين بهتر است؟ ,100,الگوريتم ژنتيک لامارکی     ,3138,میانترم بیوانفورماتیک 99,بیوانفورماتیک گروه (۱)
s991303413,32132,در داکينگ کدام الگوريتم برای جستجوی فضای صورتبندی ليگاند اطراف پروتئين بهتر است؟ ,10,الگوريتم ژنتيک لامارکی     ,3138,میانترم بیوانفورماتیک 99,بیوانفورماتیک گروه (۱)
s991303414,32132,در داکينگ کدام الگوريتم برای جستجوی فضای صورتبندی ليگاند اطراف پروتئين بهتر است؟ ,100,الگوريتم ژنتيک لامارکی     ,3138,میانترم بیوانفورماتیک 99,بیوانفورماتیک گروه (۱)
s981303409,32135,ترتيب مراحل مدلسازی متجانس کدام اند؟,1,شناسايی الگو، تصحيح همپوشانی، ايجاد اسکلت، مدلسازی لوپ،  مدلسازی زنجيره جانبی، بهينه سازی مدل، تاييد مدل,3138,میانترم بیوانفورماتیک 99,بیوانفورماتیک گروه (۱)
s991303401,32135,ترتيب مراحل مدلسازی متجانس کدام اند؟,1,شناسايی الگو، تصحيح همپوشانی، ايجاد اسکلت، مدلسازی لوپ،  مدلسازی زنجيره جانبی، بهينه سازی مدل، تاييد مدل,3138,میانترم بیوانفورماتیک 99,بیوانفورماتیک گروه (۱)
s991303402,32135,ترتيب مراحل مدلسازی متجانس کدام اند؟,1,شناسايی الگو، تصحيح همپوشانی، ايجاد اسکلت، مدلسازی لوپ،  مدلسازی زنجيره جانبی، بهينه سازی مدل، تاييد مدل,3138,میانترم بیوانفورماتیک 99,بیوانفورماتیک گروه (۱)
s991303404,32135,ترتيب مراحل مدلسازی متجانس کدام اند؟,1,شناسايی الگو، تصحيح همپوشانی، ايجاد اسکلت، مدلسازی لوپ،  مدلسازی زنجيره جانبی، بهينه سازی مدل، تاييد مدل,3138,میانترم بیوانفورماتیک 99,بیوانفورماتیک گروه (۱)
s991303405,32135,ترتيب مراحل مدلسازی متجانس کدام اند؟,1,شناسايی الگو، تصحيح همپوشانی، ايجاد اسکلت، مدلسازی لوپ،  مدلسازی زنجيره جانبی، بهينه سازی مدل، تاييد مدل,3138,میانترم بیوانفورماتیک 99,بیوانفورماتیک گروه (۱)
s991303406,32135,ترتيب مراحل مدلسازی متجانس کدام اند؟,1,شناسايی الگو، تصحيح همپوشانی، ايجاد اسکلت، مدلسازی لوپ،  مدلسازی زنجيره جانبی، بهينه سازی مدل، تاييد مدل,3138,میانترم بیوانفورماتیک 99,بیوانفورماتیک گروه (۱)
s991303407,32135,ترتيب مراحل مدلسازی متجانس کدام اند؟,1,شناسايی الگو، تصحيح همپوشانی، ايجاد اسکلت، مدلسازی لوپ،  مدلسازی زنجيره جانبی، بهينه سازی مدل، تاييد مدل,3138,میانترم بیوانفورماتیک 99,بیوانفورماتیک گروه (۱)
s991303408,32135,ترتيب مراحل مدلسازی متجانس کدام اند؟,1,شناسايی الگو، تصحيح همپوشانی، ايجاد اسکلت، مدلسازی لوپ،  مدلسازی زنجيره جانبی، بهينه سازی مدل، تاييد مدل,3138,میانترم بیوانفورماتیک 99,بیوانفورماتیک گروه (۱)
s991303409,32135,ترتيب مراحل مدلسازی متجانس کدام اند؟,1,شناسايی الگو، تصحيح همپوشانی، ايجاد اسکلت، مدلسازی لوپ،  مدلسازی زنجيره جانبی، بهينه سازی مدل، تاييد مدل,3138,میانترم بیوانفورماتیک 99,بیوانفورماتیک گروه (۱)
s991303412,32135,ترتيب مراحل مدلسازی متجانس کدام اند؟,1,شناسايی الگو، تصحيح همپوشانی، ايجاد اسکلت، مدلسازی لوپ،  مدلسازی زنجيره جانبی، بهينه سازی مدل، تاييد مدل,3138,میانترم بیوانفورماتیک 99,بیوانفورماتیک گروه (۱)
s991303413,32135,ترتيب مراحل مدلسازی متجانس کدام اند؟,1,شناسايی الگو، تصحيح همپوشانی، ايجاد اسکلت، مدلسازی لوپ،  مدلسازی زنجيره جانبی، بهينه سازی مدل، تاييد مدل,3138,میانترم بیوانفورماتیک 99,بیوانفورماتیک گروه (۱)
s991303414,32135,ترتيب مراحل مدلسازی متجانس کدام اند؟,1,شناسايی الگو، تصحيح همپوشانی، ايجاد اسکلت، مدلسازی لوپ،  مدلسازی زنجيره جانبی، بهينه سازی مدل، تاييد مدل,3138,میانترم بیوانفورماتیک 99,بیوانفورماتیک گروه (۱)
s981303409,32136,در چه صورت مي توان گفت دو پروتئين همولوگ هم مي باشند؟                                                                                              ,100,وقتي حداقل 40 درصد اسيد آمينه ها يکسان باشند.               ,3138,میانترم بیوانفورماتیک 99,بیوانفورماتیک گروه (۱)
s991303401,32136,در چه صورت مي توان گفت دو پروتئين همولوگ هم مي باشند؟                                                                                              ,100,وقتي حداقل 40 درصد اسيد آمينه ها يکسان باشند.               ,3138,میانترم بیوانفورماتیک 99,بیوانفورماتیک گروه (۱)
s991303402,32136,در چه صورت مي توان گفت دو پروتئين همولوگ هم مي باشند؟                                                                                              ,100,وقتي حداقل 40 درصد اسيد آمينه ها يکسان باشند.               ,3138,میانترم بیوانفورماتیک 99,بیوانفورماتیک گروه (۱)
s991303404,32136,در چه صورت مي توان گفت دو پروتئين همولوگ هم مي باشند؟                                                                                              ,100,وقتي حداقل 40 درصد اسيد آمينه ها يکسان باشند.               ,3138,میانترم بیوانفورماتیک 99,بیوانفورماتیک گروه (۱)
s991303405,32136,در چه صورت مي توان گفت دو پروتئين همولوگ هم مي باشند؟                                                                                              ,10,وقتي حداقل 40 درصد اسيد آمينه ها يکسان باشند.               ,3138,میانترم بیوانفورماتیک 99,بیوانفورماتیک گروه (۱)
s991303406,32136,در چه صورت مي توان گفت دو پروتئين همولوگ هم مي باشند؟                                                                                              ,10,وقتي حداقل 40 درصد اسيد آمينه ها يکسان باشند.               ,3138,میانترم بیوانفورماتیک 99,بیوانفورماتیک گروه (۱)
s991303407,32136,در چه صورت مي توان گفت دو پروتئين همولوگ هم مي باشند؟                                                                                              ,100,وقتي حداقل 40 درصد اسيد آمينه ها يکسان باشند.               ,3138,میانترم بیوانفورماتیک 99,بیوانفورماتیک گروه (۱)
s991303408,32136,در چه صورت مي توان گفت دو پروتئين همولوگ هم مي باشند؟                                                                                              ,100,وقتي حداقل 40 درصد اسيد آمينه ها يکسان باشند.               ,3138,میانترم بیوانفورماتیک 99,بیوانفورماتیک گروه (۱)
s991303409,32136,در چه صورت مي توان گفت دو پروتئين همولوگ هم مي باشند؟                                                                                              ,100,وقتي حداقل 40 درصد اسيد آمينه ها يکسان باشند.               ,3138,میانترم بیوانفورماتیک 99,بیوانفورماتیک گروه (۱)
s991303412,32136,در چه صورت مي توان گفت دو پروتئين همولوگ هم مي باشند؟                                                                                              ,100,وقتي حداقل 40 درصد اسيد آمينه ها يکسان باشند.               ,3138,میانترم بیوانفورماتیک 99,بیوانفورماتیک گروه (۱)
s991303413,32136,در چه صورت مي توان گفت دو پروتئين همولوگ هم مي باشند؟                                                                                              ,100,وقتي حداقل 40 درصد اسيد آمينه ها يکسان باشند.               ,3138,میانترم بیوانفورماتیک 99,بیوانفورماتیک گروه (۱)
s991303414,32136,در چه صورت مي توان گفت دو پروتئين همولوگ هم مي باشند؟                                                                                              ,100,وقتي حداقل 40 درصد اسيد آمينه ها يکسان باشند.               ,3138,میانترم بیوانفورماتیک 99,بیوانفورماتیک گروه (۱)
s981303409,32137,کدام عامل در چرخش روتامرهاي يک اسيد آمينه اثری ندارد؟ ,1000,زاویه چرخشی سای ,3138,میانترم بیوانفورماتیک 99,بیوانفورماتیک گروه (۱)
s991303401,32137,کدام عامل در چرخش روتامرهاي يک اسيد آمينه اثری ندارد؟ ,1000,زاویه چرخشی سای ,3138,میانترم بیوانفورماتیک 99,بیوانفورماتیک گروه (۱)
s991303402,32137,کدام عامل در چرخش روتامرهاي يک اسيد آمينه اثری ندارد؟ ,1000,زاویه چرخشی سای ,3138,میانترم بیوانفورماتیک 99,بیوانفورماتیک گروه (۱)
s991303404,32137,کدام عامل در چرخش روتامرهاي يک اسيد آمينه اثری ندارد؟ ,1000,زاویه چرخشی سای ,3138,میانترم بیوانفورماتیک 99,بیوانفورماتیک گروه (۱)
s991303405,32137,کدام عامل در چرخش روتامرهاي يک اسيد آمينه اثری ندارد؟ ,1000,زاویه چرخشی سای ,3138,میانترم بیوانفورماتیک 99,بیوانفورماتیک گروه (۱)
s991303406,32137,کدام عامل در چرخش روتامرهاي يک اسيد آمينه اثری ندارد؟ ,1000,زاویه چرخشی سای ,3138,میانترم بیوانفورماتیک 99,بیوانفورماتیک گروه (۱)
s991303407,32137,کدام عامل در چرخش روتامرهاي يک اسيد آمينه اثری ندارد؟ ,1000,زاویه چرخشی سای ,3138,میانترم بیوانفورماتیک 99,بیوانفورماتیک گروه (۱)
s991303408,32137,کدام عامل در چرخش روتامرهاي يک اسيد آمينه اثری ندارد؟ ,10,زاویه چرخشی سای ,3138,میانترم بیوانفورماتیک 99,بیوانفورماتیک گروه (۱)
s991303409,32137,کدام عامل در چرخش روتامرهاي يک اسيد آمينه اثری ندارد؟ ,1000,زاویه چرخشی سای ,3138,میانترم بیوانفورماتیک 99,بیوانفورماتیک گروه (۱)
s991303412,32137,کدام عامل در چرخش روتامرهاي يک اسيد آمينه اثری ندارد؟ ,1000,زاویه چرخشی سای ,3138,میانترم بیوانفورماتیک 99,بیوانفورماتیک گروه (۱)
s991303413,32137,کدام عامل در چرخش روتامرهاي يک اسيد آمينه اثری ندارد؟ ,1000,زاویه چرخشی سای ,3138,میانترم بیوانفورماتیک 99,بیوانفورماتیک گروه (۱)
s991303414,32137,کدام عامل در چرخش روتامرهاي يک اسيد آمينه اثری ندارد؟ ,1000,زاویه چرخشی سای ,3138,میانترم بیوانفورماتیک 99,بیوانفورماتیک گروه (۱)
s981303409,32138,کدام برنامه برای ارزیابی مدل اشغال شدن يک ناحيه خاص توسط زنجيره جانبي را محاسبه مي کند.؟   ,100,Verify3D,3138,میانترم بیوانفورماتیک 99,بیوانفورماتیک گروه (۱)
s991303401,32138,کدام برنامه برای ارزیابی مدل اشغال شدن يک ناحيه خاص توسط زنجيره جانبي را محاسبه مي کند.؟   ,100,Verify3D,3138,میانترم بیوانفورماتیک 99,بیوانفورماتیک گروه (۱)
s991303402,32138,کدام برنامه برای ارزیابی مدل اشغال شدن يک ناحيه خاص توسط زنجيره جانبي را محاسبه مي کند.؟   ,100,Verify3D,3138,میانترم بیوانفورماتیک 99,بیوانفورماتیک گروه (۱)
s991303404,32138,کدام برنامه برای ارزیابی مدل اشغال شدن يک ناحيه خاص توسط زنجيره جانبي را محاسبه مي کند.؟   ,100,Verify3D,3138,میانترم بیوانفورماتیک 99,بیوانفورماتیک گروه (۱)
s991303405,32138,کدام برنامه برای ارزیابی مدل اشغال شدن يک ناحيه خاص توسط زنجيره جانبي را محاسبه مي کند.؟   ,100,Verify3D,3138,میانترم بیوانفورماتیک 99,بیوانفورماتیک گروه (۱)
s991303406,32138,کدام برنامه برای ارزیابی مدل اشغال شدن يک ناحيه خاص توسط زنجيره جانبي را محاسبه مي کند.؟   ,100,Verify3D,3138,میانترم بیوانفورماتیک 99,بیوانفورماتیک گروه (۱)
s991303407,32138,کدام برنامه برای ارزیابی مدل اشغال شدن يک ناحيه خاص توسط زنجيره جانبي را محاسبه مي کند.؟   ,100,Verify3D,3138,میانترم بیوانفورماتیک 99,بیوانفورماتیک گروه (۱)
s991303408,32138,کدام برنامه برای ارزیابی مدل اشغال شدن يک ناحيه خاص توسط زنجيره جانبي را محاسبه مي کند.؟   ,100,Verify3D,3138,میانترم بیوانفورماتیک 99,بیوانفورماتیک گروه (۱)
s991303409,32138,کدام برنامه برای ارزیابی مدل اشغال شدن يک ناحيه خاص توسط زنجيره جانبي را محاسبه مي کند.؟   ,100,Verify3D,3138,میانترم بیوانفورماتیک 99,بیوانفورماتیک گروه (۱)
s991303412,32138,کدام برنامه برای ارزیابی مدل اشغال شدن يک ناحيه خاص توسط زنجيره جانبي را محاسبه مي کند.؟   ,100,Verify3D,3138,میانترم بیوانفورماتیک 99,بیوانفورماتیک گروه (۱)
s991303413,32138,کدام برنامه برای ارزیابی مدل اشغال شدن يک ناحيه خاص توسط زنجيره جانبي را محاسبه مي کند.؟   ,100,Verify3D,3138,میانترم بیوانفورماتیک 99,بیوانفورماتیک گروه (۱)
s991303414,32138,کدام برنامه برای ارزیابی مدل اشغال شدن يک ناحيه خاص توسط زنجيره جانبي را محاسبه مي کند.؟   ,100,Verify3D,3138,میانترم بیوانفورماتیک 99,بیوانفورماتیک گروه (۱)
s981303409,32139,منظور از نقشه کشی  معکوس در الگوریتم ژنتيک چیست؟,1000,نسبت دادن یک ژنوتيپ به یک فنوتیپ,3138,میانترم بیوانفورماتیک 99,بیوانفورماتیک گروه (۱)
s991303401,32139,منظور از نقشه کشی  معکوس در الگوریتم ژنتيک چیست؟,1000,نسبت دادن یک ژنوتيپ به یک فنوتیپ,3138,میانترم بیوانفورماتیک 99,بیوانفورماتیک گروه (۱)
s991303402,32139,منظور از نقشه کشی  معکوس در الگوریتم ژنتيک چیست؟,100,نسبت دادن یک ژنوتيپ به یک فنوتیپ,3138,میانترم بیوانفورماتیک 99,بیوانفورماتیک گروه (۱)
s991303404,32139,منظور از نقشه کشی  معکوس در الگوریتم ژنتيک چیست؟,100,نسبت دادن یک ژنوتيپ به یک فنوتیپ,3138,میانترم بیوانفورماتیک 99,بیوانفورماتیک گروه (۱)
s991303405,32139,منظور از نقشه کشی  معکوس در الگوریتم ژنتيک چیست؟,1000,نسبت دادن یک ژنوتيپ به یک فنوتیپ,3138,میانترم بیوانفورماتیک 99,بیوانفورماتیک گروه (۱)
s991303406,32139,منظور از نقشه کشی  معکوس در الگوریتم ژنتيک چیست؟,100,نسبت دادن یک ژنوتيپ به یک فنوتیپ,3138,میانترم بیوانفورماتیک 99,بیوانفورماتیک گروه (۱)
s991303407,32139,منظور از نقشه کشی  معکوس در الگوریتم ژنتيک چیست؟,100,نسبت دادن یک ژنوتيپ به یک فنوتیپ,3138,میانترم بیوانفورماتیک 99,بیوانفورماتیک گروه (۱)
s991303408,32139,منظور از نقشه کشی  معکوس در الگوریتم ژنتيک چیست؟,1000,نسبت دادن یک ژنوتيپ به یک فنوتیپ,3138,میانترم بیوانفورماتیک 99,بیوانفورماتیک گروه (۱)
s991303409,32139,منظور از نقشه کشی  معکوس در الگوریتم ژنتيک چیست؟,100,نسبت دادن یک ژنوتيپ به یک فنوتیپ,3138,میانترم بیوانفورماتیک 99,بیوانفورماتیک گروه (۱)
s991303412,32139,منظور از نقشه کشی  معکوس در الگوریتم ژنتيک چیست؟,1000,نسبت دادن یک ژنوتيپ به یک فنوتیپ,3138,میانترم بیوانفورماتیک 99,بیوانفورماتیک گروه (۱)
s991303413,32139,منظور از نقشه کشی  معکوس در الگوریتم ژنتيک چیست؟,1000,نسبت دادن یک ژنوتيپ به یک فنوتیپ,3138,میانترم بیوانفورماتیک 99,بیوانفورماتیک گروه (۱)
s991303414,32139,منظور از نقشه کشی  معکوس در الگوریتم ژنتيک چیست؟,100,نسبت دادن یک ژنوتيپ به یک فنوتیپ,3138,میانترم بیوانفورماتیک 99,بیوانفورماتیک گروه (۱)
s981303409,32140,منظور از صلاحیت در الگوریتم ژنتيک چيست؟,1000,معکوس مجموع انرژي ليگاند-رسپتور و انرژي پتانسیل داخلي ليگاند ,3138,میانترم بیوانفورماتیک 99,بیوانفورماتیک گروه (۱)
s991303401,32140,منظور از صلاحیت در الگوریتم ژنتيک چيست؟,1000,معکوس مجموع انرژي ليگاند-رسپتور و انرژي پتانسیل داخلي ليگاند ,3138,میانترم بیوانفورماتیک 99,بیوانفورماتیک گروه (۱)
s991303402,32140,منظور از صلاحیت در الگوریتم ژنتيک چيست؟,1000,معکوس مجموع انرژي ليگاند-رسپتور و انرژي پتانسیل داخلي ليگاند ,3138,میانترم بیوانفورماتیک 99,بیوانفورماتیک گروه (۱)
s991303404,32140,منظور از صلاحیت در الگوریتم ژنتيک چيست؟,1000,معکوس مجموع انرژي ليگاند-رسپتور و انرژي پتانسیل داخلي ليگاند ,3138,میانترم بیوانفورماتیک 99,بیوانفورماتیک گروه (۱)
s991303405,32140,منظور از صلاحیت در الگوریتم ژنتيک چيست؟,1000,معکوس مجموع انرژي ليگاند-رسپتور و انرژي پتانسیل داخلي ليگاند ,3138,میانترم بیوانفورماتیک 99,بیوانفورماتیک گروه (۱)
s991303406,32140,منظور از صلاحیت در الگوریتم ژنتيک چيست؟,1000,معکوس مجموع انرژي ليگاند-رسپتور و انرژي پتانسیل داخلي ليگاند ,3138,میانترم بیوانفورماتیک 99,بیوانفورماتیک گروه (۱)
s991303407,32140,منظور از صلاحیت در الگوریتم ژنتيک چيست؟,1000,معکوس مجموع انرژي ليگاند-رسپتور و انرژي پتانسیل داخلي ليگاند ,3138,میانترم بیوانفورماتیک 99,بیوانفورماتیک گروه (۱)
s991303408,32140,منظور از صلاحیت در الگوریتم ژنتيک چيست؟,1000,معکوس مجموع انرژي ليگاند-رسپتور و انرژي پتانسیل داخلي ليگاند ,3138,میانترم بیوانفورماتیک 99,بیوانفورماتیک گروه (۱)
s991303409,32140,منظور از صلاحیت در الگوریتم ژنتيک چيست؟,1000,معکوس مجموع انرژي ليگاند-رسپتور و انرژي پتانسیل داخلي ليگاند ,3138,میانترم بیوانفورماتیک 99,بیوانفورماتیک گروه (۱)
s991303412,32140,منظور از صلاحیت در الگوریتم ژنتيک چيست؟,1000,معکوس مجموع انرژي ليگاند-رسپتور و انرژي پتانسیل داخلي ليگاند ,3138,میانترم بیوانفورماتیک 99,بیوانفورماتیک گروه (۱)
s991303413,32140,منظور از صلاحیت در الگوریتم ژنتيک چيست؟,1000,معکوس مجموع انرژي ليگاند-رسپتور و انرژي پتانسیل داخلي ليگاند ,3138,میانترم بیوانفورماتیک 99,بیوانفورماتیک گروه (۱)
s991303414,32140,منظور از صلاحیت در الگوریتم ژنتيک چيست؟,1000,معکوس مجموع انرژي ليگاند-رسپتور و انرژي پتانسیل داخلي ليگاند ,3138,میانترم بیوانفورماتیک 99,بیوانفورماتیک گروه (۱)
s981303409,32141,از کدام برنامه برای داکینگ  پروتئين به سطح ورقه طلا استفاده می شود؟  ,100,SDA,3138,میانترم بیوانفورماتیک 99,بیوانفورماتیک گروه (۱)
s991303401,32141,از کدام برنامه برای داکینگ  پروتئين به سطح ورقه طلا استفاده می شود؟  ,100,SDA,3138,میانترم بیوانفورماتیک 99,بیوانفورماتیک گروه (۱)
s991303402,32141,از کدام برنامه برای داکینگ  پروتئين به سطح ورقه طلا استفاده می شود؟  ,100,SDA,3138,میانترم بیوانفورماتیک 99,بیوانفورماتیک گروه (۱)
s991303404,32141,از کدام برنامه برای داکینگ  پروتئين به سطح ورقه طلا استفاده می شود؟  ,100,SDA,3138,میانترم بیوانفورماتیک 99,بیوانفورماتیک گروه (۱)
s991303405,32141,از کدام برنامه برای داکینگ  پروتئين به سطح ورقه طلا استفاده می شود؟  ,100,SDA,3138,میانترم بیوانفورماتیک 99,بیوانفورماتیک گروه (۱)
s991303406,32141,از کدام برنامه برای داکینگ  پروتئين به سطح ورقه طلا استفاده می شود؟  ,100,SDA,3138,میانترم بیوانفورماتیک 99,بیوانفورماتیک گروه (۱)
s991303407,32141,از کدام برنامه برای داکینگ  پروتئين به سطح ورقه طلا استفاده می شود؟  ,100,SDA,3138,میانترم بیوانفورماتیک 99,بیوانفورماتیک گروه (۱)
s991303408,32141,از کدام برنامه برای داکینگ  پروتئين به سطح ورقه طلا استفاده می شود؟  ,100,SDA,3138,میانترم بیوانفورماتیک 99,بیوانفورماتیک گروه (۱)
s991303409,32141,از کدام برنامه برای داکینگ  پروتئين به سطح ورقه طلا استفاده می شود؟  ,100,SDA,3138,میانترم بیوانفورماتیک 99,بیوانفورماتیک گروه (۱)
s991303412,32141,از کدام برنامه برای داکینگ  پروتئين به سطح ورقه طلا استفاده می شود؟  ,100,SDA,3138,میانترم بیوانفورماتیک 99,بیوانفورماتیک گروه (۱)
s991303413,32141,از کدام برنامه برای داکینگ  پروتئين به سطح ورقه طلا استفاده می شود؟  ,100,SDA,3138,میانترم بیوانفورماتیک 99,بیوانفورماتیک گروه (۱)
s991303414,32141,از کدام برنامه برای داکینگ  پروتئين به سطح ورقه طلا استفاده می شود؟  ,100,SDA,3138,میانترم بیوانفورماتیک 99,بیوانفورماتیک گروه (۱)
s981303409,32276,در روش شبیه سازی سرد شدن مونت کارلو در داکینگ کدام جمله صحیح است؟,1000,در هر سیکل بتدریج دما کم می شود و احتمال پذیرفتن ساختارها با انرژی زیاد کم می شود.,3138,میانترم بیوانفورماتیک 99,بیوانفورماتیک گروه (۱)
s991303401,32276,در روش شبیه سازی سرد شدن مونت کارلو در داکینگ کدام جمله صحیح است؟,1000,در هر سیکل بتدریج دما کم می شود و احتمال پذیرفتن ساختارها با انرژی زیاد کم می شود.,3138,میانترم بیوانفورماتیک 99,بیوانفورماتیک گروه (۱)
s991303402,32276,در روش شبیه سازی سرد شدن مونت کارلو در داکینگ کدام جمله صحیح است؟,1000,در هر سیکل بتدریج دما کم می شود و احتمال پذیرفتن ساختارها با انرژی زیاد کم می شود.,3138,میانترم بیوانفورماتیک 99,بیوانفورماتیک گروه (۱)
s991303404,32276,در روش شبیه سازی سرد شدن مونت کارلو در داکینگ کدام جمله صحیح است؟,1000,در هر سیکل بتدریج دما کم می شود و احتمال پذیرفتن ساختارها با انرژی زیاد کم می شود.,3138,میانترم بیوانفورماتیک 99,بیوانفورماتیک گروه (۱)
s991303405,32276,در روش شبیه سازی سرد شدن مونت کارلو در داکینگ کدام جمله صحیح است؟,1000,در هر سیکل بتدریج دما کم می شود و احتمال پذیرفتن ساختارها با انرژی زیاد کم می شود.,3138,میانترم بیوانفورماتیک 99,بیوانفورماتیک گروه (۱)
s991303406,32276,در روش شبیه سازی سرد شدن مونت کارلو در داکینگ کدام جمله صحیح است؟,1000,در هر سیکل بتدریج دما کم می شود و احتمال پذیرفتن ساختارها با انرژی زیاد کم می شود.,3138,میانترم بیوانفورماتیک 99,بیوانفورماتیک گروه (۱)
s991303407,32276,در روش شبیه سازی سرد شدن مونت کارلو در داکینگ کدام جمله صحیح است؟,1000,در هر سیکل بتدریج دما کم می شود و احتمال پذیرفتن ساختارها با انرژی زیاد کم می شود.,3138,میانترم بیوانفورماتیک 99,بیوانفورماتیک گروه (۱)
s991303408,32276,در روش شبیه سازی سرد شدن مونت کارلو در داکینگ کدام جمله صحیح است؟,1000,در هر سیکل بتدریج دما کم می شود و احتمال پذیرفتن ساختارها با انرژی زیاد کم می شود.,3138,میانترم بیوانفورماتیک 99,بیوانفورماتیک گروه (۱)
s991303409,32276,در روش شبیه سازی سرد شدن مونت کارلو در داکینگ کدام جمله صحیح است؟,0,در هر سیکل بتدریج دما کم می شود و احتمال پذیرفتن ساختارها با انرژی زیاد کم می شود.,3138,میانترم بیوانفورماتیک 99,بیوانفورماتیک گروه (۱)
s991303412,32276,در روش شبیه سازی سرد شدن مونت کارلو در داکینگ کدام جمله صحیح است؟,1000,در هر سیکل بتدریج دما کم می شود و احتمال پذیرفتن ساختارها با انرژی زیاد کم می شود.,3138,میانترم بیوانفورماتیک 99,بیوانفورماتیک گروه (۱)
s991303413,32276,در روش شبیه سازی سرد شدن مونت کارلو در داکینگ کدام جمله صحیح است؟,1000,در هر سیکل بتدریج دما کم می شود و احتمال پذیرفتن ساختارها با انرژی زیاد کم می شود.,3138,میانترم بیوانفورماتیک 99,بیوانفورماتیک گروه (۱)
s991303414,32276,در روش شبیه سازی سرد شدن مونت کارلو در داکینگ کدام جمله صحیح است؟,1000,در هر سیکل بتدریج دما کم می شود و احتمال پذیرفتن ساختارها با انرژی زیاد کم می شود.,3138,میانترم بیوانفورماتیک 99,بیوانفورماتیک گروه (۱)
s981303409,52305,کدام یک از این الگوریتم ها مربوط به جفت شدگی دما در شبیه سازی نیست؟,100,پارینلو-رحمان   ,6042,پایان ترم بیوانفورماتیک 1400,بیوانفورماتیک گروه (۱)
s991303401,52305,کدام یک از این الگوریتم ها مربوط به جفت شدگی دما در شبیه سازی نیست؟,100,پارینلو-رحمان   ,6042,پایان ترم بیوانفورماتیک 1400,بیوانفورماتیک گروه (۱)
s991303402,52305,کدام یک از این الگوریتم ها مربوط به جفت شدگی دما در شبیه سازی نیست؟,100,پارینلو-رحمان   ,6042,پایان ترم بیوانفورماتیک 1400,بیوانفورماتیک گروه (۱)
s991303404,52305,کدام یک از این الگوریتم ها مربوط به جفت شدگی دما در شبیه سازی نیست؟,100,پارینلو-رحمان   ,6042,پایان ترم بیوانفورماتیک 1400,بیوانفورماتیک گروه (۱)
s991303405,52305,کدام یک از این الگوریتم ها مربوط به جفت شدگی دما در شبیه سازی نیست؟,100,پارینلو-رحمان   ,6042,پایان ترم بیوانفورماتیک 1400,بیوانفورماتیک گروه (۱)
s991303406,52305,کدام یک از این الگوریتم ها مربوط به جفت شدگی دما در شبیه سازی نیست؟,100,پارینلو-رحمان   ,6042,پایان ترم بیوانفورماتیک 1400,بیوانفورماتیک گروه (۱)
s991303407,52305,کدام یک از این الگوریتم ها مربوط به جفت شدگی دما در شبیه سازی نیست؟,1000,پارینلو-رحمان   ,6042,پایان ترم بیوانفورماتیک 1400,بیوانفورماتیک گروه (۱)
s991303408,52305,کدام یک از این الگوریتم ها مربوط به جفت شدگی دما در شبیه سازی نیست؟,1,پارینلو-رحمان   ,6042,پایان ترم بیوانفورماتیک 1400,بیوانفورماتیک گروه (۱)
s991303409,52305,کدام یک از این الگوریتم ها مربوط به جفت شدگی دما در شبیه سازی نیست؟,100,پارینلو-رحمان   ,6042,پایان ترم بیوانفورماتیک 1400,بیوانفورماتیک گروه (۱)
s991303412,52305,کدام یک از این الگوریتم ها مربوط به جفت شدگی دما در شبیه سازی نیست؟,100,پارینلو-رحمان   ,6042,پایان ترم بیوانفورماتیک 1400,بیوانفورماتیک گروه (۱)
s991303413,52305,کدام یک از این الگوریتم ها مربوط به جفت شدگی دما در شبیه سازی نیست؟,100,پارینلو-رحمان   ,6042,پایان ترم بیوانفورماتیک 1400,بیوانفورماتیک گروه (۱)
s991303414,52305,کدام یک از این الگوریتم ها مربوط به جفت شدگی دما در شبیه سازی نیست؟,100,پارینلو-رحمان   ,6042,پایان ترم بیوانفورماتیک 1400,بیوانفورماتیک گروه (۱)
s981303409,52320,برای فهم سازوکار آنزیم ها از کدام روش شبیه سازی می توان استفاده کرد؟,1,روشهای هیبریدی QM/MM ,6042,پایان ترم بیوانفورماتیک 1400,بیوانفورماتیک گروه (۱)
s991303401,52320,برای فهم سازوکار آنزیم ها از کدام روش شبیه سازی می توان استفاده کرد؟,1,روشهای هیبریدی QM/MM ,6042,پایان ترم بیوانفورماتیک 1400,بیوانفورماتیک گروه (۱)
s991303402,52320,برای فهم سازوکار آنزیم ها از کدام روش شبیه سازی می توان استفاده کرد؟,1,روشهای هیبریدی QM/MM ,6042,پایان ترم بیوانفورماتیک 1400,بیوانفورماتیک گروه (۱)
s991303404,52320,برای فهم سازوکار آنزیم ها از کدام روش شبیه سازی می توان استفاده کرد؟,1,روشهای هیبریدی QM/MM ,6042,پایان ترم بیوانفورماتیک 1400,بیوانفورماتیک گروه (۱)
s991303405,52320,برای فهم سازوکار آنزیم ها از کدام روش شبیه سازی می توان استفاده کرد؟,1,روشهای هیبریدی QM/MM ,6042,پایان ترم بیوانفورماتیک 1400,بیوانفورماتیک گروه (۱)
s991303406,52320,برای فهم سازوکار آنزیم ها از کدام روش شبیه سازی می توان استفاده کرد؟,100,روشهای هیبریدی QM/MM ,6042,پایان ترم بیوانفورماتیک 1400,بیوانفورماتیک گروه (۱)
s991303407,52320,برای فهم سازوکار آنزیم ها از کدام روش شبیه سازی می توان استفاده کرد؟,100,روشهای هیبریدی QM/MM ,6042,پایان ترم بیوانفورماتیک 1400,بیوانفورماتیک گروه (۱)
s991303408,52320,برای فهم سازوکار آنزیم ها از کدام روش شبیه سازی می توان استفاده کرد؟,1,روشهای هیبریدی QM/MM ,6042,پایان ترم بیوانفورماتیک 1400,بیوانفورماتیک گروه (۱)
s991303409,52320,برای فهم سازوکار آنزیم ها از کدام روش شبیه سازی می توان استفاده کرد؟,1,روشهای هیبریدی QM/MM ,6042,پایان ترم بیوانفورماتیک 1400,بیوانفورماتیک گروه (۱)
s991303412,52320,برای فهم سازوکار آنزیم ها از کدام روش شبیه سازی می توان استفاده کرد؟,1,روشهای هیبریدی QM/MM ,6042,پایان ترم بیوانفورماتیک 1400,بیوانفورماتیک گروه (۱)
s991303413,52320,برای فهم سازوکار آنزیم ها از کدام روش شبیه سازی می توان استفاده کرد؟,1,روشهای هیبریدی QM/MM ,6042,پایان ترم بیوانفورماتیک 1400,بیوانفورماتیک گروه (۱)
s991303414,52320,برای فهم سازوکار آنزیم ها از کدام روش شبیه سازی می توان استفاده کرد؟,1,روشهای هیبریدی QM/MM ,6042,پایان ترم بیوانفورماتیک 1400,بیوانفورماتیک گروه (۱)
s981303409,52322,در شرط گیبس  در شبیه سازی مونت کارلو ....,1,اگر  Rn<αk  شد آن پیکربندی را می پذیریم و از آن برای تولید پیکربندی جدید استفاده می کنیم. ,6042,پایان ترم بیوانفورماتیک 1400,بیوانفورماتیک گروه (۱)
s991303401,52322,در شرط گیبس  در شبیه سازی مونت کارلو ....,1,اگر  Rn<αk  شد آن پیکربندی را می پذیریم و از آن برای تولید پیکربندی جدید استفاده می کنیم. ,6042,پایان ترم بیوانفورماتیک 1400,بیوانفورماتیک گروه (۱)
s991303402,52322,در شرط گیبس  در شبیه سازی مونت کارلو ....,1,اگر  Rn<αk  شد آن پیکربندی را می پذیریم و از آن برای تولید پیکربندی جدید استفاده می کنیم. ,6042,پایان ترم بیوانفورماتیک 1400,بیوانفورماتیک گروه (۱)
s991303404,52322,در شرط گیبس  در شبیه سازی مونت کارلو ....,1,اگر  Rn<αk  شد آن پیکربندی را می پذیریم و از آن برای تولید پیکربندی جدید استفاده می کنیم. ,6042,پایان ترم بیوانفورماتیک 1400,بیوانفورماتیک گروه (۱)
s991303405,52322,در شرط گیبس  در شبیه سازی مونت کارلو ....,1,اگر  Rn<αk  شد آن پیکربندی را می پذیریم و از آن برای تولید پیکربندی جدید استفاده می کنیم. ,6042,پایان ترم بیوانفورماتیک 1400,بیوانفورماتیک گروه (۱)
s991303406,52322,در شرط گیبس  در شبیه سازی مونت کارلو ....,1,اگر  Rn<αk  شد آن پیکربندی را می پذیریم و از آن برای تولید پیکربندی جدید استفاده می کنیم. ,6042,پایان ترم بیوانفورماتیک 1400,بیوانفورماتیک گروه (۱)
s991303407,52322,در شرط گیبس  در شبیه سازی مونت کارلو ....,10,اگر  Rn<αk  شد آن پیکربندی را می پذیریم و از آن برای تولید پیکربندی جدید استفاده می کنیم. ,6042,پایان ترم بیوانفورماتیک 1400,بیوانفورماتیک گروه (۱)
s991303408,52322,در شرط گیبس  در شبیه سازی مونت کارلو ....,10,اگر  Rn<αk  شد آن پیکربندی را می پذیریم و از آن برای تولید پیکربندی جدید استفاده می کنیم. ,6042,پایان ترم بیوانفورماتیک 1400,بیوانفورماتیک گروه (۱)
s991303409,52322,در شرط گیبس  در شبیه سازی مونت کارلو ....,1,اگر  Rn<αk  شد آن پیکربندی را می پذیریم و از آن برای تولید پیکربندی جدید استفاده می کنیم. ,6042,پایان ترم بیوانفورماتیک 1400,بیوانفورماتیک گروه (۱)
s991303412,52322,در شرط گیبس  در شبیه سازی مونت کارلو ....,1,اگر  Rn<αk  شد آن پیکربندی را می پذیریم و از آن برای تولید پیکربندی جدید استفاده می کنیم. ,6042,پایان ترم بیوانفورماتیک 1400,بیوانفورماتیک گروه (۱)
s991303413,52322,در شرط گیبس  در شبیه سازی مونت کارلو ....,1,اگر  Rn<αk  شد آن پیکربندی را می پذیریم و از آن برای تولید پیکربندی جدید استفاده می کنیم. ,6042,پایان ترم بیوانفورماتیک 1400,بیوانفورماتیک گروه (۱)
s991303414,52322,در شرط گیبس  در شبیه سازی مونت کارلو ....,1,اگر  Rn<αk  شد آن پیکربندی را می پذیریم و از آن برای تولید پیکربندی جدید استفاده می کنیم. ,6042,پایان ترم بیوانفورماتیک 1400,بیوانفورماتیک گروه (۱)
s981303409,52324,در کدام روش شبیه سازی صورتبندی های بدست آمده از شبیه سازی با هم ارتباط زمانی ندارند؟,10,شبیه سازی مونت کارلو ,6042,پایان ترم بیوانفورماتیک 1400,بیوانفورماتیک گروه (۱)
s991303401,52324,در کدام روش شبیه سازی صورتبندی های بدست آمده از شبیه سازی با هم ارتباط زمانی ندارند؟,10,شبیه سازی مونت کارلو ,6042,پایان ترم بیوانفورماتیک 1400,بیوانفورماتیک گروه (۱)
s991303402,52324,در کدام روش شبیه سازی صورتبندی های بدست آمده از شبیه سازی با هم ارتباط زمانی ندارند؟,10,شبیه سازی مونت کارلو ,6042,پایان ترم بیوانفورماتیک 1400,بیوانفورماتیک گروه (۱)
s991303404,52324,در کدام روش شبیه سازی صورتبندی های بدست آمده از شبیه سازی با هم ارتباط زمانی ندارند؟,10,شبیه سازی مونت کارلو ,6042,پایان ترم بیوانفورماتیک 1400,بیوانفورماتیک گروه (۱)
s991303405,52324,در کدام روش شبیه سازی صورتبندی های بدست آمده از شبیه سازی با هم ارتباط زمانی ندارند؟,10,شبیه سازی مونت کارلو ,6042,پایان ترم بیوانفورماتیک 1400,بیوانفورماتیک گروه (۱)
s991303406,52324,در کدام روش شبیه سازی صورتبندی های بدست آمده از شبیه سازی با هم ارتباط زمانی ندارند؟,10,شبیه سازی مونت کارلو ,6042,پایان ترم بیوانفورماتیک 1400,بیوانفورماتیک گروه (۱)
s991303407,52324,در کدام روش شبیه سازی صورتبندی های بدست آمده از شبیه سازی با هم ارتباط زمانی ندارند؟,1000,شبیه سازی مونت کارلو ,6042,پایان ترم بیوانفورماتیک 1400,بیوانفورماتیک گروه (۱)
s991303408,52324,در کدام روش شبیه سازی صورتبندی های بدست آمده از شبیه سازی با هم ارتباط زمانی ندارند؟,10,شبیه سازی مونت کارلو ,6042,پایان ترم بیوانفورماتیک 1400,بیوانفورماتیک گروه (۱)
s991303409,52324,در کدام روش شبیه سازی صورتبندی های بدست آمده از شبیه سازی با هم ارتباط زمانی ندارند؟,10,شبیه سازی مونت کارلو ,6042,پایان ترم بیوانفورماتیک 1400,بیوانفورماتیک گروه (۱)
s991303412,52324,در کدام روش شبیه سازی صورتبندی های بدست آمده از شبیه سازی با هم ارتباط زمانی ندارند؟,10,شبیه سازی مونت کارلو ,6042,پایان ترم بیوانفورماتیک 1400,بیوانفورماتیک گروه (۱)
s991303413,52324,در کدام روش شبیه سازی صورتبندی های بدست آمده از شبیه سازی با هم ارتباط زمانی ندارند؟,10,شبیه سازی مونت کارلو ,6042,پایان ترم بیوانفورماتیک 1400,بیوانفورماتیک گروه (۱)
s991303414,52324,در کدام روش شبیه سازی صورتبندی های بدست آمده از شبیه سازی با هم ارتباط زمانی ندارند؟,100,شبیه سازی مونت کارلو ,6042,پایان ترم بیوانفورماتیک 1400,بیوانفورماتیک گروه (۱)
s981303409,52327,به کمک کدام میدان نیرو می توان یک واکنش شیمیایی را  مطالعه کرد؟                                                                                           ,10,میدان نیروی واکنش پذیر,6042,پایان ترم بیوانفورماتیک 1400,بیوانفورماتیک گروه (۱)
s991303401,52327,به کمک کدام میدان نیرو می توان یک واکنش شیمیایی را  مطالعه کرد؟                                                                                           ,10,میدان نیروی واکنش پذیر,6042,پایان ترم بیوانفورماتیک 1400,بیوانفورماتیک گروه (۱)
s991303402,52327,به کمک کدام میدان نیرو می توان یک واکنش شیمیایی را  مطالعه کرد؟                                                                                           ,10,میدان نیروی واکنش پذیر,6042,پایان ترم بیوانفورماتیک 1400,بیوانفورماتیک گروه (۱)
s991303404,52327,به کمک کدام میدان نیرو می توان یک واکنش شیمیایی را  مطالعه کرد؟                                                                                           ,10,میدان نیروی واکنش پذیر,6042,پایان ترم بیوانفورماتیک 1400,بیوانفورماتیک گروه (۱)
s991303405,52327,به کمک کدام میدان نیرو می توان یک واکنش شیمیایی را  مطالعه کرد؟                                                                                           ,10,میدان نیروی واکنش پذیر,6042,پایان ترم بیوانفورماتیک 1400,بیوانفورماتیک گروه (۱)
s991303406,52327,به کمک کدام میدان نیرو می توان یک واکنش شیمیایی را  مطالعه کرد؟                                                                                           ,10,میدان نیروی واکنش پذیر,6042,پایان ترم بیوانفورماتیک 1400,بیوانفورماتیک گروه (۱)
s991303407,52327,به کمک کدام میدان نیرو می توان یک واکنش شیمیایی را  مطالعه کرد؟                                                                                           ,10,میدان نیروی واکنش پذیر,6042,پایان ترم بیوانفورماتیک 1400,بیوانفورماتیک گروه (۱)
s991303408,52327,به کمک کدام میدان نیرو می توان یک واکنش شیمیایی را  مطالعه کرد؟                                                                                           ,10,میدان نیروی واکنش پذیر,6042,پایان ترم بیوانفورماتیک 1400,بیوانفورماتیک گروه (۱)
s991303409,52327,به کمک کدام میدان نیرو می توان یک واکنش شیمیایی را  مطالعه کرد؟                                                                                           ,10,میدان نیروی واکنش پذیر,6042,پایان ترم بیوانفورماتیک 1400,بیوانفورماتیک گروه (۱)
s991303412,52327,به کمک کدام میدان نیرو می توان یک واکنش شیمیایی را  مطالعه کرد؟                                                                                           ,10,میدان نیروی واکنش پذیر,6042,پایان ترم بیوانفورماتیک 1400,بیوانفورماتیک گروه (۱)
s991303413,52327,به کمک کدام میدان نیرو می توان یک واکنش شیمیایی را  مطالعه کرد؟                                                                                           ,100,میدان نیروی واکنش پذیر,6042,پایان ترم بیوانفورماتیک 1400,بیوانفورماتیک گروه (۱)
s991303414,52327,به کمک کدام میدان نیرو می توان یک واکنش شیمیایی را  مطالعه کرد؟                                                                                           ,10,میدان نیروی واکنش پذیر,6042,پایان ترم بیوانفورماتیک 1400,بیوانفورماتیک گروه (۱)
s981303409,52328,به کمک کدام تکنیک شبیه سازی سامانه را چندین بار گرم و سرد می کنیم؟                                                                                                                                                                                                                                                           ,1,تابکاری شبیه سازی شده,6042,پایان ترم بیوانفورماتیک 1400,بیوانفورماتیک گروه (۱)
s991303401,52328,به کمک کدام تکنیک شبیه سازی سامانه را چندین بار گرم و سرد می کنیم؟                                                                                                                                                                                                                                                           ,1,تابکاری شبیه سازی شده,6042,پایان ترم بیوانفورماتیک 1400,بیوانفورماتیک گروه (۱)
s991303402,52328,به کمک کدام تکنیک شبیه سازی سامانه را چندین بار گرم و سرد می کنیم؟                                                                                                                                                                                                                                                           ,1,تابکاری شبیه سازی شده,6042,پایان ترم بیوانفورماتیک 1400,بیوانفورماتیک گروه (۱)
s991303404,52328,به کمک کدام تکنیک شبیه سازی سامانه را چندین بار گرم و سرد می کنیم؟                                                                                                                                                                                                                                                           ,1,تابکاری شبیه سازی شده,6042,پایان ترم بیوانفورماتیک 1400,بیوانفورماتیک گروه (۱)
s991303405,52328,به کمک کدام تکنیک شبیه سازی سامانه را چندین بار گرم و سرد می کنیم؟                                                                                                                                                                                                                                                           ,1,تابکاری شبیه سازی شده,6042,پایان ترم بیوانفورماتیک 1400,بیوانفورماتیک گروه (۱)
s991303406,52328,به کمک کدام تکنیک شبیه سازی سامانه را چندین بار گرم و سرد می کنیم؟                                                                                                                                                                                                                                                           ,1,تابکاری شبیه سازی شده,6042,پایان ترم بیوانفورماتیک 1400,بیوانفورماتیک گروه (۱)
s991303407,52328,به کمک کدام تکنیک شبیه سازی سامانه را چندین بار گرم و سرد می کنیم؟                                                                                                                                                                                                                                                           ,1,تابکاری شبیه سازی شده,6042,پایان ترم بیوانفورماتیک 1400,بیوانفورماتیک گروه (۱)
s991303408,52328,به کمک کدام تکنیک شبیه سازی سامانه را چندین بار گرم و سرد می کنیم؟                                                                                                                                                                                                                                                           ,100,تابکاری شبیه سازی شده,6042,پایان ترم بیوانفورماتیک 1400,بیوانفورماتیک گروه (۱)
s991303409,52328,به کمک کدام تکنیک شبیه سازی سامانه را چندین بار گرم و سرد می کنیم؟                                                                                                                                                                                                                                                           ,1,تابکاری شبیه سازی شده,6042,پایان ترم بیوانفورماتیک 1400,بیوانفورماتیک گروه (۱)
s991303412,52328,به کمک کدام تکنیک شبیه سازی سامانه را چندین بار گرم و سرد می کنیم؟                                                                                                                                                                                                                                                           ,1,تابکاری شبیه سازی شده,6042,پایان ترم بیوانفورماتیک 1400,بیوانفورماتیک گروه (۱)
s991303413,52328,به کمک کدام تکنیک شبیه سازی سامانه را چندین بار گرم و سرد می کنیم؟                                                                                                                                                                                                                                                           ,1,تابکاری شبیه سازی شده,6042,پایان ترم بیوانفورماتیک 1400,بیوانفورماتیک گروه (۱)
s991303414,52328,به کمک کدام تکنیک شبیه سازی سامانه را چندین بار گرم و سرد می کنیم؟                                                                                                                                                                                                                                                           ,1,تابکاری شبیه سازی شده,6042,پایان ترم بیوانفورماتیک 1400,بیوانفورماتیک گروه (۱)
s981303409,52330,سطح در دسترس حلال (ASA)  اتم های یک پروتئین چیست؟                                                                                                                 ,10,مرکز هندسی مولکول نشانگر(آب) وقتی روی سطح مولکولی پروتئین حرکت می کند.                                                                                    ,6042,پایان ترم بیوانفورماتیک 1400,بیوانفورماتیک گروه (۱)
s991303401,52330,سطح در دسترس حلال (ASA)  اتم های یک پروتئین چیست؟                                                                                                                 ,100,مرکز هندسی مولکول نشانگر(آب) وقتی روی سطح مولکولی پروتئین حرکت می کند.                                                                                    ,6042,پایان ترم بیوانفورماتیک 1400,بیوانفورماتیک گروه (۱)
s991303402,52330,سطح در دسترس حلال (ASA)  اتم های یک پروتئین چیست؟                                                                                                                 ,100,مرکز هندسی مولکول نشانگر(آب) وقتی روی سطح مولکولی پروتئین حرکت می کند.                                                                                    ,6042,پایان ترم بیوانفورماتیک 1400,بیوانفورماتیک گروه (۱)
s991303404,52330,سطح در دسترس حلال (ASA)  اتم های یک پروتئین چیست؟                                                                                                                 ,100,مرکز هندسی مولکول نشانگر(آب) وقتی روی سطح مولکولی پروتئین حرکت می کند.                                                                                    ,6042,پایان ترم بیوانفورماتیک 1400,بیوانفورماتیک گروه (۱)
s991303405,52330,سطح در دسترس حلال (ASA)  اتم های یک پروتئین چیست؟                                                                                                                 ,100,مرکز هندسی مولکول نشانگر(آب) وقتی روی سطح مولکولی پروتئین حرکت می کند.                                                                                    ,6042,پایان ترم بیوانفورماتیک 1400,بیوانفورماتیک گروه (۱)
s991303406,52330,سطح در دسترس حلال (ASA)  اتم های یک پروتئین چیست؟                                                                                                                 ,10,مرکز هندسی مولکول نشانگر(آب) وقتی روی سطح مولکولی پروتئین حرکت می کند.                                                                                    ,6042,پایان ترم بیوانفورماتیک 1400,بیوانفورماتیک گروه (۱)
s991303407,52330,سطح در دسترس حلال (ASA)  اتم های یک پروتئین چیست؟                                                                                                                 ,100,مرکز هندسی مولکول نشانگر(آب) وقتی روی سطح مولکولی پروتئین حرکت می کند.                                                                                    ,6042,پایان ترم بیوانفورماتیک 1400,بیوانفورماتیک گروه (۱)
s991303408,52330,سطح در دسترس حلال (ASA)  اتم های یک پروتئین چیست؟                                                                                                                 ,1,مرکز هندسی مولکول نشانگر(آب) وقتی روی سطح مولکولی پروتئین حرکت می کند.                                                                                    ,6042,پایان ترم بیوانفورماتیک 1400,بیوانفورماتیک گروه (۱)
s991303409,52330,سطح در دسترس حلال (ASA)  اتم های یک پروتئین چیست؟                                                                                                                 ,1,مرکز هندسی مولکول نشانگر(آب) وقتی روی سطح مولکولی پروتئین حرکت می کند.                                                                                    ,6042,پایان ترم بیوانفورماتیک 1400,بیوانفورماتیک گروه (۱)
s991303412,52330,سطح در دسترس حلال (ASA)  اتم های یک پروتئین چیست؟                                                                                                                 ,10,مرکز هندسی مولکول نشانگر(آب) وقتی روی سطح مولکولی پروتئین حرکت می کند.                                                                                    ,6042,پایان ترم بیوانفورماتیک 1400,بیوانفورماتیک گروه (۱)
s991303413,52330,سطح در دسترس حلال (ASA)  اتم های یک پروتئین چیست؟                                                                                                                 ,10,مرکز هندسی مولکول نشانگر(آب) وقتی روی سطح مولکولی پروتئین حرکت می کند.                                                                                    ,6042,پایان ترم بیوانفورماتیک 1400,بیوانفورماتیک گروه (۱)
s991303414,52330,سطح در دسترس حلال (ASA)  اتم های یک پروتئین چیست؟                                                                                                                 ,10,مرکز هندسی مولکول نشانگر(آب) وقتی روی سطح مولکولی پروتئین حرکت می کند.                                                                                    ,6042,پایان ترم بیوانفورماتیک 1400,بیوانفورماتیک گروه (۱)
s981303409,52335,در مورد شعاع قطع و میانکنش های الکتروستاتیک در شبیه سازی کدام جمله غلط است؟ ,100,شعاع قطع باید کوچکتر از نصف بزرگترین بعد جعبه باشد.                                                                                                                            ,6042,پایان ترم بیوانفورماتیک 1400,بیوانفورماتیک گروه (۱)
s991303401,52335,در مورد شعاع قطع و میانکنش های الکتروستاتیک در شبیه سازی کدام جمله غلط است؟ ,100,شعاع قطع باید کوچکتر از نصف بزرگترین بعد جعبه باشد.                                                                                                                            ,6042,پایان ترم بیوانفورماتیک 1400,بیوانفورماتیک گروه (۱)
s991303402,52335,در مورد شعاع قطع و میانکنش های الکتروستاتیک در شبیه سازی کدام جمله غلط است؟ ,1000,شعاع قطع باید کوچکتر از نصف بزرگترین بعد جعبه باشد.                                                                                                                            ,6042,پایان ترم بیوانفورماتیک 1400,بیوانفورماتیک گروه (۱)
s991303404,52335,در مورد شعاع قطع و میانکنش های الکتروستاتیک در شبیه سازی کدام جمله غلط است؟ ,1000,شعاع قطع باید کوچکتر از نصف بزرگترین بعد جعبه باشد.                                                                                                                            ,6042,پایان ترم بیوانفورماتیک 1400,بیوانفورماتیک گروه (۱)
s991303405,52335,در مورد شعاع قطع و میانکنش های الکتروستاتیک در شبیه سازی کدام جمله غلط است؟ ,1000,شعاع قطع باید کوچکتر از نصف بزرگترین بعد جعبه باشد.                                                                                                                            ,6042,پایان ترم بیوانفورماتیک 1400,بیوانفورماتیک گروه (۱)
s991303406,52335,در مورد شعاع قطع و میانکنش های الکتروستاتیک در شبیه سازی کدام جمله غلط است؟ ,100,شعاع قطع باید کوچکتر از نصف بزرگترین بعد جعبه باشد.                                                                                                                            ,6042,پایان ترم بیوانفورماتیک 1400,بیوانفورماتیک گروه (۱)
s991303407,52335,در مورد شعاع قطع و میانکنش های الکتروستاتیک در شبیه سازی کدام جمله غلط است؟ ,1,شعاع قطع باید کوچکتر از نصف بزرگترین بعد جعبه باشد.                                                                                                                            ,6042,پایان ترم بیوانفورماتیک 1400,بیوانفورماتیک گروه (۱)
s991303408,52335,در مورد شعاع قطع و میانکنش های الکتروستاتیک در شبیه سازی کدام جمله غلط است؟ ,0,شعاع قطع باید کوچکتر از نصف بزرگترین بعد جعبه باشد.                                                                                                                            ,6042,پایان ترم بیوانفورماتیک 1400,بیوانفورماتیک گروه (۱)
s991303409,52335,در مورد شعاع قطع و میانکنش های الکتروستاتیک در شبیه سازی کدام جمله غلط است؟ ,1,شعاع قطع باید کوچکتر از نصف بزرگترین بعد جعبه باشد.                                                                                                                            ,6042,پایان ترم بیوانفورماتیک 1400,بیوانفورماتیک گروه (۱)
s991303412,52335,در مورد شعاع قطع و میانکنش های الکتروستاتیک در شبیه سازی کدام جمله غلط است؟ ,100,شعاع قطع باید کوچکتر از نصف بزرگترین بعد جعبه باشد.                                                                                                                            ,6042,پایان ترم بیوانفورماتیک 1400,بیوانفورماتیک گروه (۱)
s991303413,52335,در مورد شعاع قطع و میانکنش های الکتروستاتیک در شبیه سازی کدام جمله غلط است؟ ,100,شعاع قطع باید کوچکتر از نصف بزرگترین بعد جعبه باشد.                                                                                                                            ,6042,پایان ترم بیوانفورماتیک 1400,بیوانفورماتیک گروه (۱)
s991303414,52335,در مورد شعاع قطع و میانکنش های الکتروستاتیک در شبیه سازی کدام جمله غلط است؟ ,100,شعاع قطع باید کوچکتر از نصف بزرگترین بعد جعبه باشد.                                                                                                                            ,6042,پایان ترم بیوانفورماتیک 1400,بیوانفورماتیک گروه (۱)
s981303409,52338,سرعت اولیه در شبیه سازی دینامیک مولکولی چگونه محاسبه می شود؟                                                                                      ,1,با نسبت دادن یک عدد تصادفی به هر اتم بر اساس توزیع بولتزمن بر اساس دمای مورد نظر ,6042,پایان ترم بیوانفورماتیک 1400,بیوانفورماتیک گروه (۱)
s991303401,52338,سرعت اولیه در شبیه سازی دینامیک مولکولی چگونه محاسبه می شود؟                                                                                      ,100,با نسبت دادن یک عدد تصادفی به هر اتم بر اساس توزیع بولتزمن بر اساس دمای مورد نظر ,6042,پایان ترم بیوانفورماتیک 1400,بیوانفورماتیک گروه (۱)
s991303402,52338,سرعت اولیه در شبیه سازی دینامیک مولکولی چگونه محاسبه می شود؟                                                                                      ,1,با نسبت دادن یک عدد تصادفی به هر اتم بر اساس توزیع بولتزمن بر اساس دمای مورد نظر ,6042,پایان ترم بیوانفورماتیک 1400,بیوانفورماتیک گروه (۱)
s991303404,52338,سرعت اولیه در شبیه سازی دینامیک مولکولی چگونه محاسبه می شود؟                                                                                      ,1,با نسبت دادن یک عدد تصادفی به هر اتم بر اساس توزیع بولتزمن بر اساس دمای مورد نظر ,6042,پایان ترم بیوانفورماتیک 1400,بیوانفورماتیک گروه (۱)
s991303405,52338,سرعت اولیه در شبیه سازی دینامیک مولکولی چگونه محاسبه می شود؟                                                                                      ,0,با نسبت دادن یک عدد تصادفی به هر اتم بر اساس توزیع بولتزمن بر اساس دمای مورد نظر ,6042,پایان ترم بیوانفورماتیک 1400,بیوانفورماتیک گروه (۱)
s991303406,52338,سرعت اولیه در شبیه سازی دینامیک مولکولی چگونه محاسبه می شود؟                                                                                      ,1,با نسبت دادن یک عدد تصادفی به هر اتم بر اساس توزیع بولتزمن بر اساس دمای مورد نظر ,6042,پایان ترم بیوانفورماتیک 1400,بیوانفورماتیک گروه (۱)
s991303407,52338,سرعت اولیه در شبیه سازی دینامیک مولکولی چگونه محاسبه می شود؟                                                                                      ,100,با نسبت دادن یک عدد تصادفی به هر اتم بر اساس توزیع بولتزمن بر اساس دمای مورد نظر ,6042,پایان ترم بیوانفورماتیک 1400,بیوانفورماتیک گروه (۱)
s991303408,52338,سرعت اولیه در شبیه سازی دینامیک مولکولی چگونه محاسبه می شود؟                                                                                      ,10,با نسبت دادن یک عدد تصادفی به هر اتم بر اساس توزیع بولتزمن بر اساس دمای مورد نظر ,6042,پایان ترم بیوانفورماتیک 1400,بیوانفورماتیک گروه (۱)
s991303409,52338,سرعت اولیه در شبیه سازی دینامیک مولکولی چگونه محاسبه می شود؟                                                                                      ,10,با نسبت دادن یک عدد تصادفی به هر اتم بر اساس توزیع بولتزمن بر اساس دمای مورد نظر ,6042,پایان ترم بیوانفورماتیک 1400,بیوانفورماتیک گروه (۱)
s991303412,52338,سرعت اولیه در شبیه سازی دینامیک مولکولی چگونه محاسبه می شود؟                                                                                      ,1,با نسبت دادن یک عدد تصادفی به هر اتم بر اساس توزیع بولتزمن بر اساس دمای مورد نظر ,6042,پایان ترم بیوانفورماتیک 1400,بیوانفورماتیک گروه (۱)
s991303413,52338,سرعت اولیه در شبیه سازی دینامیک مولکولی چگونه محاسبه می شود؟                                                                                      ,1,با نسبت دادن یک عدد تصادفی به هر اتم بر اساس توزیع بولتزمن بر اساس دمای مورد نظر ,6042,پایان ترم بیوانفورماتیک 1400,بیوانفورماتیک گروه (۱)
s991303414,52338,سرعت اولیه در شبیه سازی دینامیک مولکولی چگونه محاسبه می شود؟                                                                                      ,100,با نسبت دادن یک عدد تصادفی به هر اتم بر اساس توزیع بولتزمن بر اساس دمای مورد نظر ,6042,پایان ترم بیوانفورماتیک 1400,بیوانفورماتیک گروه (۱)
s981303409,52346,بهترین روش برای محاسبه نیروهای دور برد در شبیه سازی پروتئین ها کدام است؟,1,PME,6042,پایان ترم بیوانفورماتیک 1400,بیوانفورماتیک گروه (۱)
s991303401,52346,بهترین روش برای محاسبه نیروهای دور برد در شبیه سازی پروتئین ها کدام است؟,1,PME,6042,پایان ترم بیوانفورماتیک 1400,بیوانفورماتیک گروه (۱)
s991303402,52346,بهترین روش برای محاسبه نیروهای دور برد در شبیه سازی پروتئین ها کدام است؟,1,PME,6042,پایان ترم بیوانفورماتیک 1400,بیوانفورماتیک گروه (۱)
s991303404,52346,بهترین روش برای محاسبه نیروهای دور برد در شبیه سازی پروتئین ها کدام است؟,1,PME,6042,پایان ترم بیوانفورماتیک 1400,بیوانفورماتیک گروه (۱)
s991303405,52346,بهترین روش برای محاسبه نیروهای دور برد در شبیه سازی پروتئین ها کدام است؟,1,PME,6042,پایان ترم بیوانفورماتیک 1400,بیوانفورماتیک گروه (۱)
s991303406,52346,بهترین روش برای محاسبه نیروهای دور برد در شبیه سازی پروتئین ها کدام است؟,1,PME,6042,پایان ترم بیوانفورماتیک 1400,بیوانفورماتیک گروه (۱)
s991303407,52346,بهترین روش برای محاسبه نیروهای دور برد در شبیه سازی پروتئین ها کدام است؟,10,PME,6042,پایان ترم بیوانفورماتیک 1400,بیوانفورماتیک گروه (۱)
s991303408,52346,بهترین روش برای محاسبه نیروهای دور برد در شبیه سازی پروتئین ها کدام است؟,100,PME,6042,پایان ترم بیوانفورماتیک 1400,بیوانفورماتیک گروه (۱)
s991303409,52346,بهترین روش برای محاسبه نیروهای دور برد در شبیه سازی پروتئین ها کدام است؟,1,PME,6042,پایان ترم بیوانفورماتیک 1400,بیوانفورماتیک گروه (۱)
s991303412,52346,بهترین روش برای محاسبه نیروهای دور برد در شبیه سازی پروتئین ها کدام است؟,1,PME,6042,پایان ترم بیوانفورماتیک 1400,بیوانفورماتیک گروه (۱)
s991303413,52346,بهترین روش برای محاسبه نیروهای دور برد در شبیه سازی پروتئین ها کدام است؟,1,PME,6042,پایان ترم بیوانفورماتیک 1400,بیوانفورماتیک گروه (۱)
s991303414,52346,بهترین روش برای محاسبه نیروهای دور برد در شبیه سازی پروتئین ها کدام است؟,1,PME,6042,پایان ترم بیوانفورماتیک 1400,بیوانفورماتیک گروه (۱)
s981303409,52349,اگر زمان استراحت ورله زیاد باشد چه اتفاقی ممکن است بیفتد؟,1000,یک ذره از خارج از پهنای ورله وارد آن می شود.               ,6042,پایان ترم بیوانفورماتیک 1400,بیوانفورماتیک گروه (۱)
s991303401,52349,اگر زمان استراحت ورله زیاد باشد چه اتفاقی ممکن است بیفتد؟,1000,یک ذره از خارج از پهنای ورله وارد آن می شود.               ,6042,پایان ترم بیوانفورماتیک 1400,بیوانفورماتیک گروه (۱)
s991303402,52349,اگر زمان استراحت ورله زیاد باشد چه اتفاقی ممکن است بیفتد؟,1000,یک ذره از خارج از پهنای ورله وارد آن می شود.               ,6042,پایان ترم بیوانفورماتیک 1400,بیوانفورماتیک گروه (۱)
s991303404,52349,اگر زمان استراحت ورله زیاد باشد چه اتفاقی ممکن است بیفتد؟,1000,یک ذره از خارج از پهنای ورله وارد آن می شود.               ,6042,پایان ترم بیوانفورماتیک 1400,بیوانفورماتیک گروه (۱)
s991303405,52349,اگر زمان استراحت ورله زیاد باشد چه اتفاقی ممکن است بیفتد؟,1000,یک ذره از خارج از پهنای ورله وارد آن می شود.               ,6042,پایان ترم بیوانفورماتیک 1400,بیوانفورماتیک گروه (۱)
s991303406,52349,اگر زمان استراحت ورله زیاد باشد چه اتفاقی ممکن است بیفتد؟,1000,یک ذره از خارج از پهنای ورله وارد آن می شود.               ,6042,پایان ترم بیوانفورماتیک 1400,بیوانفورماتیک گروه (۱)
s991303407,52349,اگر زمان استراحت ورله زیاد باشد چه اتفاقی ممکن است بیفتد؟,1000,یک ذره از خارج از پهنای ورله وارد آن می شود.               ,6042,پایان ترم بیوانفورماتیک 1400,بیوانفورماتیک گروه (۱)
s991303408,52349,اگر زمان استراحت ورله زیاد باشد چه اتفاقی ممکن است بیفتد؟,100,یک ذره از خارج از پهنای ورله وارد آن می شود.               ,6042,پایان ترم بیوانفورماتیک 1400,بیوانفورماتیک گروه (۱)
s991303409,52349,اگر زمان استراحت ورله زیاد باشد چه اتفاقی ممکن است بیفتد؟,1000,یک ذره از خارج از پهنای ورله وارد آن می شود.               ,6042,پایان ترم بیوانفورماتیک 1400,بیوانفورماتیک گروه (۱)
s991303412,52349,اگر زمان استراحت ورله زیاد باشد چه اتفاقی ممکن است بیفتد؟,1000,یک ذره از خارج از پهنای ورله وارد آن می شود.               ,6042,پایان ترم بیوانفورماتیک 1400,بیوانفورماتیک گروه (۱)
s991303413,52349,اگر زمان استراحت ورله زیاد باشد چه اتفاقی ممکن است بیفتد؟,1000,یک ذره از خارج از پهنای ورله وارد آن می شود.               ,6042,پایان ترم بیوانفورماتیک 1400,بیوانفورماتیک گروه (۱)
s991303414,52349,اگر زمان استراحت ورله زیاد باشد چه اتفاقی ممکن است بیفتد؟,100,یک ذره از خارج از پهنای ورله وارد آن می شود.               ,6042,پایان ترم بیوانفورماتیک 1400,بیوانفورماتیک گروه (۱)
s981303409,52352,کدام کمیت در شبیه سازی معمولی پروتئین ها بطور مستقیم قایل محاسبه نیست؟,1,فعالیت آنزیمی و بررسی مکانیسم واکنش ,6042,پایان ترم بیوانفورماتیک 1400,بیوانفورماتیک گروه (۱)
s991303401,52352,کدام کمیت در شبیه سازی معمولی پروتئین ها بطور مستقیم قایل محاسبه نیست؟,1,فعالیت آنزیمی و بررسی مکانیسم واکنش ,6042,پایان ترم بیوانفورماتیک 1400,بیوانفورماتیک گروه (۱)
s991303402,52352,کدام کمیت در شبیه سازی معمولی پروتئین ها بطور مستقیم قایل محاسبه نیست؟,1,فعالیت آنزیمی و بررسی مکانیسم واکنش ,6042,پایان ترم بیوانفورماتیک 1400,بیوانفورماتیک گروه (۱)
s991303404,52352,کدام کمیت در شبیه سازی معمولی پروتئین ها بطور مستقیم قایل محاسبه نیست؟,1,فعالیت آنزیمی و بررسی مکانیسم واکنش ,6042,پایان ترم بیوانفورماتیک 1400,بیوانفورماتیک گروه (۱)
s991303405,52352,کدام کمیت در شبیه سازی معمولی پروتئین ها بطور مستقیم قایل محاسبه نیست؟,10,فعالیت آنزیمی و بررسی مکانیسم واکنش ,6042,پایان ترم بیوانفورماتیک 1400,بیوانفورماتیک گروه (۱)
s991303406,52352,کدام کمیت در شبیه سازی معمولی پروتئین ها بطور مستقیم قایل محاسبه نیست؟,1,فعالیت آنزیمی و بررسی مکانیسم واکنش ,6042,پایان ترم بیوانفورماتیک 1400,بیوانفورماتیک گروه (۱)
s991303407,52352,کدام کمیت در شبیه سازی معمولی پروتئین ها بطور مستقیم قایل محاسبه نیست؟,0,فعالیت آنزیمی و بررسی مکانیسم واکنش ,6042,پایان ترم بیوانفورماتیک 1400,بیوانفورماتیک گروه (۱)
s991303408,52352,کدام کمیت در شبیه سازی معمولی پروتئین ها بطور مستقیم قایل محاسبه نیست؟,10,فعالیت آنزیمی و بررسی مکانیسم واکنش ,6042,پایان ترم بیوانفورماتیک 1400,بیوانفورماتیک گروه (۱)
s991303409,52352,کدام کمیت در شبیه سازی معمولی پروتئین ها بطور مستقیم قایل محاسبه نیست؟,1,فعالیت آنزیمی و بررسی مکانیسم واکنش ,6042,پایان ترم بیوانفورماتیک 1400,بیوانفورماتیک گروه (۱)
s991303412,52352,کدام کمیت در شبیه سازی معمولی پروتئین ها بطور مستقیم قایل محاسبه نیست؟,1,فعالیت آنزیمی و بررسی مکانیسم واکنش ,6042,پایان ترم بیوانفورماتیک 1400,بیوانفورماتیک گروه (۱)
s991303413,52352,کدام کمیت در شبیه سازی معمولی پروتئین ها بطور مستقیم قایل محاسبه نیست؟,100,فعالیت آنزیمی و بررسی مکانیسم واکنش ,6042,پایان ترم بیوانفورماتیک 1400,بیوانفورماتیک گروه (۱)
s991303414,52352,کدام کمیت در شبیه سازی معمولی پروتئین ها بطور مستقیم قایل محاسبه نیست؟,1,فعالیت آنزیمی و بررسی مکانیسم واکنش ,6042,پایان ترم بیوانفورماتیک 1400,بیوانفورماتیک گروه (۱)
s981303409,52354,تحرک یک اتم یا یک باقی مانده در شبیه سازی را با محاسبه کدام کمیت بررسی می کنند؟                                                                             ,10,RMSF,6042,پایان ترم بیوانفورماتیک 1400,بیوانفورماتیک گروه (۱)
s991303401,52354,تحرک یک اتم یا یک باقی مانده در شبیه سازی را با محاسبه کدام کمیت بررسی می کنند؟                                                                             ,10,RMSF,6042,پایان ترم بیوانفورماتیک 1400,بیوانفورماتیک گروه (۱)
s991303402,52354,تحرک یک اتم یا یک باقی مانده در شبیه سازی را با محاسبه کدام کمیت بررسی می کنند؟                                                                             ,1000,RMSF,6042,پایان ترم بیوانفورماتیک 1400,بیوانفورماتیک گروه (۱)
s991303404,52354,تحرک یک اتم یا یک باقی مانده در شبیه سازی را با محاسبه کدام کمیت بررسی می کنند؟                                                                             ,1000,RMSF,6042,پایان ترم بیوانفورماتیک 1400,بیوانفورماتیک گروه (۱)
s991303405,52354,تحرک یک اتم یا یک باقی مانده در شبیه سازی را با محاسبه کدام کمیت بررسی می کنند؟                                                                             ,10,RMSF,6042,پایان ترم بیوانفورماتیک 1400,بیوانفورماتیک گروه (۱)
s991303406,52354,تحرک یک اتم یا یک باقی مانده در شبیه سازی را با محاسبه کدام کمیت بررسی می کنند؟                                                                             ,10,RMSF,6042,پایان ترم بیوانفورماتیک 1400,بیوانفورماتیک گروه (۱)
s991303407,52354,تحرک یک اتم یا یک باقی مانده در شبیه سازی را با محاسبه کدام کمیت بررسی می کنند؟                                                                             ,1,RMSF,6042,پایان ترم بیوانفورماتیک 1400,بیوانفورماتیک گروه (۱)
s991303408,52354,تحرک یک اتم یا یک باقی مانده در شبیه سازی را با محاسبه کدام کمیت بررسی می کنند؟                                                                             ,1000,RMSF,6042,پایان ترم بیوانفورماتیک 1400,بیوانفورماتیک گروه (۱)
s991303409,52354,تحرک یک اتم یا یک باقی مانده در شبیه سازی را با محاسبه کدام کمیت بررسی می کنند؟                                                                             ,10,RMSF,6042,پایان ترم بیوانفورماتیک 1400,بیوانفورماتیک گروه (۱)
s991303412,52354,تحرک یک اتم یا یک باقی مانده در شبیه سازی را با محاسبه کدام کمیت بررسی می کنند؟                                                                             ,10,RMSF,6042,پایان ترم بیوانفورماتیک 1400,بیوانفورماتیک گروه (۱)
s991303413,52354,تحرک یک اتم یا یک باقی مانده در شبیه سازی را با محاسبه کدام کمیت بررسی می کنند؟                                                                             ,10,RMSF,6042,پایان ترم بیوانفورماتیک 1400,بیوانفورماتیک گروه (۱)
s991303414,52354,تحرک یک اتم یا یک باقی مانده در شبیه سازی را با محاسبه کدام کمیت بررسی می کنند؟                                                                             ,10,RMSF,6042,پایان ترم بیوانفورماتیک 1400,بیوانفورماتیک گروه (۱)
s981303409,52355,چگونه فشار را در شبیه سازی کنترول می کنند؟                                                                                                                       ,100,با مدیریت مکان اتم ها     ,6042,پایان ترم بیوانفورماتیک 1400,بیوانفورماتیک گروه (۱)
s991303401,52355,چگونه فشار را در شبیه سازی کنترول می کنند؟                                                                                                                       ,100,با مدیریت مکان اتم ها     ,6042,پایان ترم بیوانفورماتیک 1400,بیوانفورماتیک گروه (۱)
s991303402,52355,چگونه فشار را در شبیه سازی کنترول می کنند؟                                                                                                                       ,100,با مدیریت مکان اتم ها     ,6042,پایان ترم بیوانفورماتیک 1400,بیوانفورماتیک گروه (۱)
s991303404,52355,چگونه فشار را در شبیه سازی کنترول می کنند؟                                                                                                                       ,100,با مدیریت مکان اتم ها     ,6042,پایان ترم بیوانفورماتیک 1400,بیوانفورماتیک گروه (۱)
s991303405,52355,چگونه فشار را در شبیه سازی کنترول می کنند؟                                                                                                                       ,100,با مدیریت مکان اتم ها     ,6042,پایان ترم بیوانفورماتیک 1400,بیوانفورماتیک گروه (۱)
s991303406,52355,چگونه فشار را در شبیه سازی کنترول می کنند؟                                                                                                                       ,100,با مدیریت مکان اتم ها     ,6042,پایان ترم بیوانفورماتیک 1400,بیوانفورماتیک گروه (۱)
s991303407,52355,چگونه فشار را در شبیه سازی کنترول می کنند؟                                                                                                                       ,100,با مدیریت مکان اتم ها     ,6042,پایان ترم بیوانفورماتیک 1400,بیوانفورماتیک گروه (۱)
s991303408,52355,چگونه فشار را در شبیه سازی کنترول می کنند؟                                                                                                                       ,100,با مدیریت مکان اتم ها     ,6042,پایان ترم بیوانفورماتیک 1400,بیوانفورماتیک گروه (۱)
s991303409,52355,چگونه فشار را در شبیه سازی کنترول می کنند؟                                                                                                                       ,100,با مدیریت مکان اتم ها     ,6042,پایان ترم بیوانفورماتیک 1400,بیوانفورماتیک گروه (۱)
s991303412,52355,چگونه فشار را در شبیه سازی کنترول می کنند؟                                                                                                                       ,100,با مدیریت مکان اتم ها     ,6042,پایان ترم بیوانفورماتیک 1400,بیوانفورماتیک گروه (۱)
s991303413,52355,چگونه فشار را در شبیه سازی کنترول می کنند؟                                                                                                                       ,100,با مدیریت مکان اتم ها     ,6042,پایان ترم بیوانفورماتیک 1400,بیوانفورماتیک گروه (۱)
s991303414,52355,چگونه فشار را در شبیه سازی کنترول می کنند؟                                                                                                                       ,100,با مدیریت مکان اتم ها     ,6042,پایان ترم بیوانفورماتیک 1400,بیوانفورماتیک گروه (۱)
s981303409,52357,کدام جمله  در مورد تابع توزیع شعاعیg(r)  غلط است؟ ,1,در فواصل دور مقدار آن بزرگتر از یک می شود. ,6042,پایان ترم بیوانفورماتیک 1400,بیوانفورماتیک گروه (۱)
s991303401,52357,کدام جمله  در مورد تابع توزیع شعاعیg(r)  غلط است؟ ,1,در فواصل دور مقدار آن بزرگتر از یک می شود. ,6042,پایان ترم بیوانفورماتیک 1400,بیوانفورماتیک گروه (۱)
s991303402,52357,کدام جمله  در مورد تابع توزیع شعاعیg(r)  غلط است؟ ,1000,در فواصل دور مقدار آن بزرگتر از یک می شود. ,6042,پایان ترم بیوانفورماتیک 1400,بیوانفورماتیک گروه (۱)
s991303404,52357,کدام جمله  در مورد تابع توزیع شعاعیg(r)  غلط است؟ ,10,در فواصل دور مقدار آن بزرگتر از یک می شود. ,6042,پایان ترم بیوانفورماتیک 1400,بیوانفورماتیک گروه (۱)
s991303405,52357,کدام جمله  در مورد تابع توزیع شعاعیg(r)  غلط است؟ ,1000,در فواصل دور مقدار آن بزرگتر از یک می شود. ,6042,پایان ترم بیوانفورماتیک 1400,بیوانفورماتیک گروه (۱)
s991303406,52357,کدام جمله  در مورد تابع توزیع شعاعیg(r)  غلط است؟ ,1,در فواصل دور مقدار آن بزرگتر از یک می شود. ,6042,پایان ترم بیوانفورماتیک 1400,بیوانفورماتیک گروه (۱)
s991303407,52357,کدام جمله  در مورد تابع توزیع شعاعیg(r)  غلط است؟ ,0,در فواصل دور مقدار آن بزرگتر از یک می شود. ,6042,پایان ترم بیوانفورماتیک 1400,بیوانفورماتیک گروه (۱)
s991303408,52357,کدام جمله  در مورد تابع توزیع شعاعیg(r)  غلط است؟ ,1,در فواصل دور مقدار آن بزرگتر از یک می شود. ,6042,پایان ترم بیوانفورماتیک 1400,بیوانفورماتیک گروه (۱)
s991303409,52357,کدام جمله  در مورد تابع توزیع شعاعیg(r)  غلط است؟ ,10,در فواصل دور مقدار آن بزرگتر از یک می شود. ,6042,پایان ترم بیوانفورماتیک 1400,بیوانفورماتیک گروه (۱)
s991303412,52357,کدام جمله  در مورد تابع توزیع شعاعیg(r)  غلط است؟ ,1,در فواصل دور مقدار آن بزرگتر از یک می شود. ,6042,پایان ترم بیوانفورماتیک 1400,بیوانفورماتیک گروه (۱)
s991303413,52357,کدام جمله  در مورد تابع توزیع شعاعیg(r)  غلط است؟ ,100,در فواصل دور مقدار آن بزرگتر از یک می شود. ,6042,پایان ترم بیوانفورماتیک 1400,بیوانفورماتیک گروه (۱)
s991303414,52357,کدام جمله  در مورد تابع توزیع شعاعیg(r)  غلط است؟ ,100,در فواصل دور مقدار آن بزرگتر از یک می شود. ,6042,پایان ترم بیوانفورماتیک 1400,بیوانفورماتیک گروه (۱)